--
-- Table structure for table `estatus`
--

CREATE TABLE IF NOT EXISTS `estatus` (
  `id` int(11) NOT NULL,
  `descripcion` varchar(255) COLLATE utf8_unicode_ci NOT NULL
) ENGINE=InnoDB AUTO_INCREMENT=3 DEFAULT CHARSET=utf8 COLLATE=utf8_unicode_ci;

INSERT INTO `estatus` (`id`, `descripcion`) VALUES
  (1, 'Activo'),
  (2, 'Inactivo');

ALTER TABLE `estatus`
ADD PRIMARY KEY (`id`);

ALTER TABLE `estatus`
MODIFY `id` int(11) NOT NULL AUTO_INCREMENT,AUTO_INCREMENT=3;

--
-- Table structure for table `idioma`
--

CREATE TABLE IF NOT EXISTS `idioma` (
  `id` int(11) NOT NULL,
  `id_estatus` int(11) NOT NULL,
  `descripcion` varchar(100) COLLATE utf8_unicode_ci NOT NULL,
  `abreviatura` varchar(50) COLLATE utf8_unicode_ci NOT NULL,
  `imagen` varchar(255) COLLATE utf8_unicode_ci DEFAULT NULL
) ENGINE=InnoDB AUTO_INCREMENT=5 DEFAULT CHARSET=utf8 COLLATE=utf8_unicode_ci;

INSERT INTO `idioma` (`id`, `id_estatus`, `descripcion`, `abreviatura`, `imagen`) VALUES
  (1, 1, 'Español', 'es', NULL),
  (2, 1, 'English', 'en', NULL),
  (3, 1, 'Italiano', 'it', NULL),
  (4, 1, 'Frances', 'fr', NULL);

ALTER TABLE `idioma`
ADD PRIMARY KEY (`id`),
ADD KEY `IDX_1DC85E0C50BDD1F3` (`id_estatus`);

ALTER TABLE `idioma`
MODIFY `id` int(11) NOT NULL AUTO_INCREMENT,AUTO_INCREMENT=5;

ALTER TABLE `idioma`
ADD CONSTRAINT `FK_1DC85E0C50BDD1F3` FOREIGN KEY (`id_estatus`) REFERENCES `estatus` (`id`);

--
-- Table structure for table `moneda`
--

CREATE TABLE IF NOT EXISTS `moneda` (
  `id` int(11) NOT NULL,
  `id_estatus` int(11) NOT NULL,
  `descripcion` varchar(255) COLLATE utf8_unicode_ci NOT NULL,
  `simbolo` varchar(255) COLLATE utf8_unicode_ci NOT NULL,
  `tipo_cambio` double NOT NULL
) ENGINE=InnoDB AUTO_INCREMENT=4 DEFAULT CHARSET=utf8 COLLATE=utf8_unicode_ci;

INSERT INTO `moneda` (`id`, `id_estatus`, `descripcion`, `simbolo`, `tipo_cambio`) VALUES
  (1, 1, 'Peso Mexicano', 'MXP', 1),
  (2, 1, 'Dolar Americano', 'USD', 16.5),
  (3, 1, 'Euro', 'EU', 18);

ALTER TABLE `moneda`
ADD PRIMARY KEY (`id`),
ADD KEY `IDX_B00B2B2D50BDD1F3` (`id_estatus`);

ALTER TABLE `moneda`
MODIFY `id` int(11) NOT NULL AUTO_INCREMENT,AUTO_INCREMENT=4;

ALTER TABLE `moneda`
ADD CONSTRAINT `FK_B00B2B2D50BDD1F3` FOREIGN KEY (`id_estatus`) REFERENCES `estatus` (`id`);

--
-- Table structure for table `origen`
--

CREATE TABLE IF NOT EXISTS `origen` (
  `id` int(11) NOT NULL,
  `id_estatus` int(11) NOT NULL,
  `descripcion` varchar(50) COLLATE utf8_unicode_ci NOT NULL
) ENGINE=InnoDB AUTO_INCREMENT=3 DEFAULT CHARSET=utf8 COLLATE=utf8_unicode_ci;

INSERT INTO `origen` (`id`, `id_estatus`, `descripcion`) VALUES
  (1, 1, 'Merida'),
  (2, 1, 'Cancun');

ALTER TABLE `origen`
ADD PRIMARY KEY (`id`),
ADD KEY `IDX_7244191250BDD1F3` (`id_estatus`);

ALTER TABLE `origen`
MODIFY `id` int(11) NOT NULL AUTO_INCREMENT,AUTO_INCREMENT=3;

ALTER TABLE `origen`
ADD CONSTRAINT `FK_7244191250BDD1F3` FOREIGN KEY (`id_estatus`) REFERENCES `estatus` (`id`);

--
-- Table structure for table `articulo`
--

CREATE TABLE IF NOT EXISTS `articulo` (
  `id` int(11) NOT NULL,
  `id_estatus` int(11) NOT NULL,
  `descripcion` longtext COLLATE utf8_unicode_ci NOT NULL,
  `tipoarticulo` longtext COLLATE utf8_unicode_ci NOT NULL,
  `seccionarticulo` longtext COLLATE utf8_unicode_ci
) ENGINE=InnoDB AUTO_INCREMENT=15 DEFAULT CHARSET=utf8 COLLATE=utf8_unicode_ci;

INSERT INTO `articulo` (`id`, `id_estatus`, `descripcion`, `tipoarticulo`, `seccionarticulo`) VALUES
  (1, 1, '<p>Nuestros paquetes est&aacute;n dise&ntilde;ados con la finalidad de que Usted pueda planear enteramente su viaje, nuestra selecci&oacute;n de tours y excursiones en cada paquete le ayuda a maximizar su tiempo y experiencia con los atractivos que tenemos para ofrecerle de acuerdo, al n&uacute;mero de noches de estancia en M&eacute;rida y el estado de Yucat&aacute;n.</p>\r\n<p>As&iacute; mismo le presentamos una variedad de hoteles de distintas categor&iacute;as para que escoja el que m&aacute;s se adapte a su gusto y presupuesto.</p>', 'pagina', 'paquete'),
  (2, 1, '<p>&iquest;Cuantas veces se puede decir, &ldquo;conozco aquel lugar&rdquo; en lugar de &ldquo;ya estuve ah&iacute;&rdquo;? Estos Tours y paquetes que ofrecemos, Est&aacute;n dise&ntilde;ados para que usted <span style="text-decoration: underline;">conozca </span>nuestra cultura, coma nuestra comida, conviva con nuestra gente, y que se vea usted envuelto en un velo de magia, que se convertir&aacute; en una experiencia &uacute;nica. Nuestro prop&oacute;sito es que usted sienta la presencia de los Dioses mayas, y viva la naturaleza de este hermoso estado como nunca lo pens&oacute; posible&hellip; No queremos que cuando le pregunten acerca de Yucat&aacute;n diga que &ldquo;Esta bonito,&rdquo; queremos que despu&eacute;s de vivir esta experiencia, usted vuelva a su hogar, con un nuevo sabor de boca, y que cuando le pregunten acerca de su experiencia, el coraz&oacute;n se exprese solo. Estos Tour est&aacute;n dise&ntilde;ados con ese objetivo en mente, ya que si decide deleitarnos con su presencia en Yucat&aacute;n, prep&aacute;rese para relajarse y disfrutar de la mejor experiencia tur&iacute;stica del sureste de M&eacute;xico.</p>', 'pagina', 'tour'),
  (3, 1, '<p>Nuestra selecci&oacute;n de hoteles, convenientemente ubicados en esta hermosa ciudad, le ofrece diferentes categor&iacute;as y&nbsp; est&aacute;ndares con un precio asequible a cada presupuesto.</p>\r\n<p>Estamos seguros que hallara el hotel que busca para su estancia</p>', 'pagina', 'hotel'),
  (4, 1, 'Actualidad', 'peninsula', NULL),
  (5, 1, 'Descubrimiento', 'peninsula', NULL),
  (6, 1, 'El Inicio', 'peninsula', NULL),
  (7, 1, 'Epoca Colonial', 'peninsula', NULL),
  (8, 1, 'Guerra de Castas', 'peninsula', NULL),
  (9, 1, 'Jacinto Canek', 'peninsula', NULL),
  (10, 1, 'Origen del Hombre', 'peninsula', NULL),
  (11, 1, 'Pirateria en Yucatan', 'peninsula', NULL),
  (12, 1, 'Republica de Yucatan', 'peninsula', NULL),
  (13, 1, 'Separacion de Campeche', 'peninsula', NULL),
  (14, 1, 'Yucatan en el Mexico Independiente', 'peninsula', NULL);

ALTER TABLE `articulo`
ADD PRIMARY KEY (`id`),
ADD KEY `IDX_69E94E9150BDD1F3` (`id_estatus`);

ALTER TABLE `articulo`
MODIFY `id` int(11) NOT NULL AUTO_INCREMENT,AUTO_INCREMENT=15;

ALTER TABLE `articulo`
ADD CONSTRAINT `FK_69E94E9150BDD1F3` FOREIGN KEY (`id_estatus`) REFERENCES `estatus` (`id`);

--
-- Table structure for table `articulo_idioma`
--

CREATE TABLE IF NOT EXISTS `articulo_idioma` (
  `id` int(11) NOT NULL,
  `id_articulo` int(11) NOT NULL,
  `id_idioma` int(11) NOT NULL,
  `nombre` longtext COLLATE utf8_unicode_ci NOT NULL,
  `descripcion_corta` longtext COLLATE utf8_unicode_ci,
  `descripcion` longtext COLLATE utf8_unicode_ci NOT NULL
) ENGINE=InnoDB AUTO_INCREMENT=57 DEFAULT CHARSET=utf8 COLLATE=utf8_unicode_ci;

INSERT INTO `articulo_idioma` (`id`, `id_articulo`, `id_idioma`, `nombre`, `descripcion_corta`, `descripcion`) VALUES
  (1, 1, 1, 'paquete', NULL, '<p>Nuestros paquetes est&aacute;n dise&ntilde;ados con la finalidad de que Usted pueda planear enteramente su viaje, nuestra selecci&oacute;n de tours y excursiones en cada paquete le ayuda a maximizar su tiempo y experiencia con los atractivos que tenemos para ofrecerle de acuerdo, al n&uacute;mero de noches de estancia en M&eacute;rida y el estado de Yucat&aacute;n.</p>\r\n<p>As&iacute; mismo le presentamos una variedad de hoteles de distintas categor&iacute;as para que escoja el que m&aacute;s se adapte a su gusto y presupuesto.</p>'),
  (2, 1, 2, 'paquete', NULL, '<p><span lang="EN-US">Our packages are designed with the sole purpose of making the planning of your travel to these beautiful lands, a little easier. Our selection of tours and excursions in each one of these packages, will aid you in efficiently utilize your time and maximize your experience with all the attractions this city has to offer, accordingly with the number of nights you&acute;ll stay in M&eacute;rida and in the Yucat&aacute;n.</span></p>\r\n<p><span lang="EN-US">Likewise, we present to you a variety of Hotels, of different categories, so you can choose the one that better suits your travel.</span></p>'),
  (3, 1, 3, 'paquete', NULL, '<p>I nostri pacchetti vacanza sono stati pensati in forma tale di permettervi organizzare pienamente il vostro viaggio, la nostra scelta di gite in ognuno dei pacchetti vi aiuter&agrave; ad approfittare il vostro tempo al massimo e vivere un''esperienza indimenticabile, con tutte le attrazioni che abbiamo a disposizione, in base al numero di giorni del vostro soggiorno nella citt&agrave; di Merida e nello Yucat&agrave;n.</p>\r\n<p>Mettiamo a disposizione una variet&agrave; di alberghi di categorie e prezzi diversi, secondo le vostre possibilit&agrave;.</p>'),
  (4, 1, 4, 'paquete', NULL, '<p>Nos forfaits sont con&ccedil;us afin que vous puissiez planifier votre voyage enti&egrave;rement.</p>\r\n<p>Gr&acirc;ce &agrave; notre s&eacute;lection de visites et d&rsquo;excursions chaque pack vous permet d''optimiser votre temps et d&eacute;couvrir les attractions que nous avons &agrave; offrir en fonction du nombre de nuits Merida et dans le Yucatan .</p>\r\n<p>Aussi, nous vous pr&eacute;sentons une s&eacute;lection d''h&ocirc;tels de diff&eacute;rentes cat&eacute;gories pour que vous puissiez choisir celui qui convient le mieux en fonction de vos go&ucirc;ts et votre budget.</p>'),
  (5, 2, 1, 'tour', NULL, '<p>&iquest;Cuantas veces se puede decir, &ldquo;conozco aquel lugar&rdquo; en lugar de &ldquo;ya estuve ah&iacute;&rdquo;? Estos Tours y paquetes que ofrecemos, Est&aacute;n dise&ntilde;ados para que usted <span style="text-decoration: underline;">conozca </span>nuestra cultura, coma nuestra comida, conviva con nuestra gente, y que se vea usted envuelto en un velo de magia, que se convertir&aacute; en una experiencia &uacute;nica. Nuestro prop&oacute;sito es que usted sienta la presencia de los Dioses mayas, y viva la naturaleza de este hermoso estado como nunca lo pens&oacute; posible&hellip; No queremos que cuando le pregunten acerca de Yucat&aacute;n diga que &ldquo;Esta bonito,&rdquo; queremos que despu&eacute;s de vivir esta experiencia, usted vuelva a su hogar, con un nuevo sabor de boca, y que cuando le pregunten acerca de su experiencia, el coraz&oacute;n se exprese solo. Estos Tour est&aacute;n dise&ntilde;ados con ese objetivo en mente, ya que si decide deleitarnos con su presencia en Yucat&aacute;n, prep&aacute;rese para relajarse y disfrutar de la mejor experiencia tur&iacute;stica del sureste de M&eacute;xico.</p>'),
  (6, 2, 2, 'tour', NULL, 'How many times can you say “I know the place” rather than “I´ve been there”? This Tours and Packages that we offer, are designed so that you can really get to know our culture, eat our food, be with our people, just to find yourself immerged in a veil of magic that will become a one-in-a-lifetime experience. Our purpose is that you feel the presence of the Mayan Gods, and become one with the nature in this beautiful state of Yucatan, like you never thought it possible… We do not want you to go back to your friends and tell them that “It was fine,” we want you to go back home with a whole new different taste, that whenever you speak of your experience here, the heart will express itself in the most beautiful way… Because you will be remembering a great experience… And this is what we had in mind when we designed the tours, but don’t take our word for it, come and see by yourself, that all that will be in your mind is enjoying the moment, and the best touristic experience of the southeast of the Mexican Republic.'),
  (7, 2, 3, 'tour', NULL, '<p class="Cuerpo">La nostra scelta di escursioni e tour, &egrave; stata premurosamente fatta, per offrirvi l''opportunit&agrave; di conoscere e godere al massimo le principali attrazioni naturali, culturali ed archeologiche, nonch&eacute; assaggiare la gastronomia della bella Penisola dello Yucat&aacute;n.</p>'),
  (8, 2, 4, 'tour', NULL, '<p>Combien de fois peut-on dire "je connais cet endroit" au lieu de "j&rsquo;y &eacute;tais" ? Les tours et les packs que nous offrons, sont cr&eacute;&eacute;s pour que vous connaissiez notre culture, mangiez notre nourriture, viviez avec notre peuple, et nous esp&eacute;rons ils vous envelopperont d''un voile de magie, qui se convertira en exp&eacute;rience unique. Notre objectif est que vous sentiez la pr&eacute;sence des dieux mayas, la nature de ce bel &eacute;tat comme vous ne l&rsquo;auriez jamais imagin&eacute; &hellip; nous ne voulons pas que quand on vous posera des questions sur le Yucat&aacute;n vous r&eacute;pondrez : "c&rsquo;&eacute;tait joli," nous voulons que apr&egrave;s avoir v&eacute;cu cette exp&eacute;rience, vous reveniez chez vous, avec un nouveau go&ucirc;t dans la bouche, et que quand on vous posera des question sur votre exp&eacute;rience, que votre coeur s''exprime. Nos tours sont cr&eacute;&eacute;s avec cet unique objectif.</p>'),
  (9, 3, 1, 'hotel', NULL, '<p>Nuestra selecci&oacute;n de hoteles, convenientemente ubicados en esta hermosa ciudad, le ofrece diferentes categor&iacute;as y&nbsp; est&aacute;ndares con un precio asequible a cada presupuesto.</p>\r\n<p>Estamos seguros que hallara el hotel que busca para su estancia</p>'),
  (10, 3, 2, 'hotel', NULL, '<p>Hoteles en ingles</p>'),
  (11, 3, 3, 'hotel', NULL, '<p>Hoteles en italiano</p>'),
  (12, 3, 4, 'hotel', NULL, '<p>Hoteles en frances</p>'),
  (13, 4, 1, 'Actualidad', NULL, '<p><span>El 3 de agosto de 1937, L&aacute;zaro Cardenas del R&iacute;o llega a Yucat&aacute;n con el prop&oacute;sito de aplicar la reforma agraria en la entidad. Su visita se prolongar&iacute;a por 23 d&iacute;as fraccionando las tierras de las haciendas henequeneras en ejidos colectivos para entregar a los campesinos. El 30 de diciembre de 1961, se da a conocer oficialmente la creaci&oacute;n de Cordemex, empresa cordelera paraestatal que por varias d&eacute;cadas industrializo la producci&oacute;n de henequ&eacute;n de miles de trabajadores.</span></p>\r\n<p><span>Hasta mediados del siglo XX, el contacto que ten&iacute;a Yucat&aacute;n con el mundo era por v&iacute;a mar&iacute;tima. El comercio con los Estados Unidos y Cuba, al igual que con Europa y otras islas del Caribe eran m&aacute;s significativos que con el resto de M&eacute;xico. En los a&ntilde;os 30 se tuvo contacto v&iacute;a a&eacute;rea por medio de hidroaviones que despegaban de la Ci&eacute;nega del Puerto de Progreso, rumbo a La Habana, Cuba y la Florida en los Estados Unidos, en la d&eacute;cada siguiente con la inauguraci&oacute;n de la terminal a&eacute;rea se pudo enlazar con la Ciudad de M&eacute;xico, a trav&eacute;s de la entonces Compan&iacute;a Mexicana de Aviaci&oacute;n. En 1950, Yucat&aacute;n fue unido por ferrocarril al resto del pa&iacute;s, seguido por las carreteras que hicieron lo suyo en los a&ntilde;os sesenta.</span></p>\r\n<p><span>Actualmente, Yucat&aacute;n todav&iacute;a mantiene una cultura muy diferente a la del resto de M&eacute;xico, con un gran porcentaje de su poblaci&oacute;n manteniendo las tradiciones locales y sigue habl&aacute;ndose la lengua maya por un porcentaje elevado de la poblaci&oacute;n.</span></p>'),
  (14, 4, 2, 'News', NULL, '<p>The August 3, 1937, Lazaro Cardenas R? reaches or Yucatan? n with the prop? site to implement agrarian reform in the state. Your visit will prolong? For 23 d to? Splitting as the estate lands henequen ejidos to deliver in collective farmers. The December 30, 1961, is given officially announced the creation? Cordemex n, cordage parastatal that for various d? Ed industrializ? the production? henequ n? n of thousands of workers.</p>\r\n<p>Until the mid-twentieth century, ten contact? of Yucatan? n with the world was by v? sea? esteem. Trade with the United States and Cuba, as well as Europe and other Caribbean islands were m? S significant with the rest of M? Mexico. In the years 30 contact v? Aa? Area was held by seaplane taking off from the ci? Nega Port of Progress, to Havana, Cuba and Florida in the United States, in the decade following the inauguration? n the terminal? rea could link with the City of M? Mexico, a trav? s of Compa then ?? Mexicana AVIATION? n. In 1950, Yucatan? N was linked by rail to rest of the country? s, followed by roads did their thing in the years sixties.</p>\r\n<p>Currently, Yucatan? n STILL? maintained to a very different to the rest of M? Mexico culture, with a large percentage of its population? n maintaining local traditions and still spoke? Ndose the Maya language by a high percentage of the population? n.</p>'),
  (15, 4, 3, 'Actualidad', NULL, '<p class="Cuerpo">Il 3 agosto 1937, Lazaro Cardenas Rios arriva nello Yucat&aacute;n con il proposito al di attuare la riforma agraria nello stato. La sua visita durer&agrave; per 23 giorni, frazionando le terre delle tenute dell&rsquo;henequen in terre collettive e offrirle agli agricoltori. Il 30 Dicembre 1961, si annuncia ufficialmente la creazione di Cordemex, parastatale cordelera che per diversi decenni industrializza la produzione di canapa di migliaia di lavoratori.</p>\r\n<p class="Cuerpo">Fino alla met&agrave; del XX secolo, il contatto dello Yucat&aacute;n con il mondo era via mare. Il commercio con gli Stati Uniti e Cuba, Europa e altre isole dei Caraibi erano pi&ugrave; significativi e frequenti rispetto al resto del Messico. Negli anni 30 si ebbe anche contatto via aerea con idra-aerei che decollavano dalla Cienaga (palude) del porto di Progreso, a L''Avana, Cuba e la Florida negli Stati Uniti nel decennio successivo con l''apertura del terminal aereo lo Yucat&aacute;n fu in grado di collegarsi &nbsp;con la Citt&agrave; del Messico, con la Mexicana de Aviaci&oacute;n. Nel 1950, Yucat&aacute;n fu anche collegato alle ferrovie comunicandosi in questa forma con il resto della nazione, posteriormente vennero le autostrade causando il loro impatto negli anni sessanta.</p>\r\n<p class="Cuerpo">Attualmente, Yucat&aacute;n mantiene ancora una cultura molto diversa dal resto del Messico, con una grande percentuale della popolazione conservando le loro tradizioni locali nonch&eacute; la lingua maya ancora parlata da una grande percentuale della popolazione.</p>'),
  (16, 4, 4, 'Present', NULL, '<p>Le 3 Ao&ucirc;t 1937, Lazaro Cardenas del Rio arriva au Yucat&aacute;n pour mettre en &oelig;uvre la r&eacute;forme agraire dans l''&eacute;tat. Sa visite durera 23 jours, il fractionna les terres des haciendas de henequen en terrains collectifs afin de les offrir aux agriculteurs. Le 30 d&eacute;cembre 1961, date officielle de la cr&eacute;ation de Cordemex, entreprise de corde para&eacute;tatique qui apr&egrave;s quelques d&eacute;cennies industrialisa la production d''henequen de milliers de travailleurs.</p>\r\n<p>Jusqu''au milieu du XXe si&egrave;cle, le contact qu&rsquo;avait le Yucatana avec le monde &eacute;tait par voie maritime. Son commerce avec les &Eacute;tats-Unis et Cuba autant que l''Europe et d''autres &icirc;les des Cara&iuml;bes &eacute;taient plus importants que le reste du Mexique. Dans les ann&eacute;es 30 il y eu &eacute;galement des prises de contact par voies a&eacute;riennes, les hydravions d&eacute;coll&egrave;rent &nbsp;de la Cienega Port de Progreso, vers La Havane, Cuba et vers la Floride aux &Eacute;tats-Unis. La d&eacute;cennie suivante avec l''inauguration du terminal a&eacute;rien, le Yucatan pu se lier &agrave; Mexico, gr&acirc;ce &agrave; la Compagnie A&eacute;rienne Mexicaine. En 1950, le Yucat&aacute;n pu s&rsquo;unir par voie de chemin de fer au reste du pays, suivi par des routes dans les ann&eacute;es soixante.</p>\r\n<p>Actuellement, le Yucat&aacute;n maintient encore une culture tr&egrave;s diff&eacute;rente de celle du reste du Mexique, avec un grand pourcentage de sa population qui garde les traditions locales et continuent &agrave; parler la langue maya.</p>'),
  (17, 5, 1, 'Descubrimiento', NULL, '<p>Tras el descubrimiento de Am&eacute;rica hubo un largo proceso de conquista. Primero empezaron las expediciones de reconocimiento desde las islas de Cuba, Puerto Rico, La Espa&ntilde;ola y Jamaica. En 1511 una carabela de la flota de Diego de Nicuesa, al mando de Pedro de Valdivia (no confundir con Pedro de Valdivia el conquistador de Chile), a bordo del nav&iacute;o Santa Mar&iacute;a de la Barca que regresaba del Dari?n en el actual Panam&aacute;, naufrag&oacute; cerca de las costas de Jamaica y en una balsa a la deriva llegaron a las costas de Yucat&aacute;n los n&aacute;ufragos. Hubo unos veinte sobrevivientes del naufragio, de los que casi la mitad llegaron a territorio maya entre ellos el capit&aacute;n Valdivia, Jer&oacute;nimo de Aguilar y Gonzalo Guerrero. Todos fueron sacrificados por los mayas, excepto Gonzalo Guerrero y el di&aacute;cono Jer&oacute;nimo de Aguilar que lograron huir, aunque tiempo despu&eacute;s fueron nuevamente tomados prisioneros y convertidos en esclavos. Iban a transcurrir ocho a&ntilde;os entre el naufragio y la llegada de Hern&aacute;n Cort&eacute;s.</p>\r\n<p>Gonzalo Guerrero asimil&oacute; la cultura maya al grado de formar familia y muri&oacute; luchando contra los mismos espa&ntilde;oles, desconociendo a su rey y abjurando de su religi&oacute;n. Al morir era cacique maya.</p>\r\n<p>Por su lado, Jer&oacute;nimo de Aguilar fue rescatado por Hern&aacute;n Cort&eacute;s cuando &eacute;ste pas&oacute; por esas tierras en 1519, en lo que empez&oacute; como expedici&oacute;n y termin&oacute; como la Conquista de M&eacute;xico.</p>\r\n<p>Jer&oacute;nimo de Aguilar habr&iacute;a de convertirse en figura clave para la conquista ya que sirvi&oacute; de eslab&oacute;n para traducirle a Cort&eacute;s, del maya al espa&ntilde;ol, lo que por su lado la Malinche o Malintzin, traduc&iacute;a del n&aacute;huatl al idioma maya, para hilvanar as&iacute; los elementos y el conocimiento fundamentales para la &eacute;pica Conquista de M&eacute;xico.</p>'),
  (18, 5, 2, 'Discovery', NULL, '<p>After the discovery of Am? there was a long process of conquest. First reconnaissance expeditions began from the islands of Cuba, Puerto Rico, La Espa ola and Jamaica. In 1511 a caravel Fleet Nicuesa Diego, commanded by Pedro de Valdivia (not to be confused with the conquistador Pedro de Valdivia, Chile), aboard the nav? Mar or Santa? for the Barca returning from Dari? n in the current Panam ?, naufrag? off the coast of Jamaica and a raft adrift reached the coast of Yucatan? n the n? ufragos. There were about twenty survivors of the shipwreck, of which almost half came to Maya territory including the captain? n Valdivia, Jer? nimo de Aguilar and Gonzalo Guerrero. All were sacrificed by the Mayans, except Gonzalo Guerrero and di? Cone Jer? Nimo de Aguilar who escaped, AFTER time though? s were again taken prisoner and enslaved. They were going to spend eight years between the wreck and the arrival of Hern? N Cort? S.</p>\r\n<p>Gonzalo Guerrero asimil? Mayan culture to the extent of forming family and died? fighting the same espa? ols, ignoring his king and abjuring his religion? n. When dying was Maya cacique.</p>\r\n<p>On the other hand, Jer? nimo de Aguilar was rescued by Hern? n Cort? s when? ste pas? through the land in 1519, in what He started? as expedition? n and ended? as the Conquest of M? Mexico.</p>\r\n<p>Jer? there will nimo de Aguilar? become a key figure for conquest because Sirvi? of ESLAB? n to translate for Cort? s, Maya to both Spanish, which by his side or Malinche Malinche, trans? for the n? Nahuatl the Mayan language, as to baste? elements and fundamental knowledge for? pica Conquest of M? Mexico.</p>'),
  (19, 5, 3, 'La Scoperta', NULL, '<p class="Cuerpo">Dopo la scoperta dell&rsquo;America ci fu un lungo periodo di conquista. Cominciarono le spedizioni per conoscere e riconoscere le Isole di Cuba e Puerto Rico, La Espanola e Jamaica. Nel 1511 una Caravella&nbsp; della flotta di Diego de Nicuesa, comandata da Pedro de Valdivia (non confonderlo con Pedro de Valdivia il conquistatore del Cile), a bordo della nave Santa Maria de la Barca che rientrava dal Dari&eacute;n, nell&rsquo;attuale Panama, naufrag&ograve; vicino alle coste di Jamaica e in una zattera alla deriva arriv&ograve; alle coste dello Yucat&aacute;n. Furono circa 20 i sopravviventi tra i quali si trovavano il Capitano Valdivia, Geronimo de Aguilar e Gonzalo Guerrero. Furono sacrificati tutti dai maya, tranne Gonzalo Guerrero e il diacono Geronimo de Aguilar che riuscirono a scappare, bench&eacute; tempo dopo furono catturati, incarcerati e usati come schiavi. Sono trascorsi otto anni tra il naufragio e l&rsquo;arrivo di Hernan Cortes.</p>\r\n<p class="Cuerpo">&nbsp;</p>\r\n<p class="Cuerpo">Gonzalo Guerrero, fece sua la cultura maya al punto di formare una famiglia e mor&igrave; lottando contro gli spagnoli, sconoscendo il suo re e la sua religione. Infatti mor&igrave; come cacique maya.&nbsp;&nbsp;</p>\r\n<p class="Cuerpo">&nbsp;</p>\r\n<p class="Cuerpo">D&rsquo;altra parte, Geronimo de Aguilar fu riscattato da Hernan Cortes, quando quest&rsquo;ultimo pass&ograve; dal territorio maya nel 1519, in un viaggio che cominci&ograve; come una spedizione e divenne la Conquista del Messico.</p>\r\n<p class="Cuerpo">&nbsp;</p>\r\n<p class="Cuerpo">Jeronimo de Aguilar diventato la figura clave della conquista, giacch&eacute; serv&igrave; come traduttore a Cortes dal maya allo spagnolo, intanto che la Malinche o Malinzin, traduceva dal nahuatl al maya, per riuscire a capire e ottenere l&rsquo;informazione necessaria per l&rsquo;epica conquista del Messico.&nbsp;</p>'),
  (20, 5, 4, 'La découverte', NULL, '<p>Apr&egrave;s la d&eacute;couverte de l''Am&eacute;rique il y eu un long processus de conqu&ecirc;te. Les premi&egrave;res exp&eacute;ditions de reconnaissance ont commenc&eacute; depuis les &icirc;les de la Cuba, du Puerto Rico, la Espagnola et la Jama&iuml;que. En 1511, la caravelle Santa Maria de la Barca de la flotte de Diego de Nicuesa et sous la conduite de Pedro de Valdivia (ne pas confondre avec Pedro de Valdivia le conquistador du Chili), revenait du Dari&eacute;n dans l''actuel Panama, fut naufrage pr&egrave;s des c&ocirc;tes de la Jama&iuml;que. A bord d&rsquo;un radeau &agrave; la d&eacute;rive, les naufrag&eacute;s sont alors arriv&eacute;s sur les c&ocirc;tes du Yucat&aacute;n. Il y eu environ vingt survivants du naufrage, dont presque la moiti&eacute; sont arriv&eacute;s sur un territoire maya parmi eux le capitaine Valdivia, Jer&oacute;nimo de Aguilar et Gonzalo Guerrero. Tous ont &eacute;t&eacute; sacrifi&eacute;s par les Mayas, except&eacute; Gonzalo Guerrero ainsi que le diacre Jer&oacute;nimo de Aguilar qui ont r&eacute;ussi &agrave; fuir, mais peu de temps apr&egrave;s ils ont &eacute;t&eacute; fait prisonniers et transform&eacute;s en esclaves. Huit ann&eacute;es s&rsquo;&eacute;coul&egrave;rent entre le naufrage et l''arriv&eacute;e de Hern&aacute;n Cort&eacute;s.</p>\r\n<p>Gonzalo Guerrero s&rsquo;est int&eacute;gr&eacute; dans la culture maya au point de fonder une famille, il est d&rsquo;ailleurs mort en luttant contre les espagnols, en ignorant son roi et en abjurant sa religion. Il &eacute;tait alors devenu &agrave; sa mort un cacique maya.</p>\r\n<p>De son c&ocirc;t&eacute;, Jer&oacute;nimo de Aguilar a &eacute;t&eacute; secouru par Hern&aacute;n Cort&eacute;s quand celui-ci a parcouru le pays en 1519, ce qui commen&ccedil;a par une exp&eacute;dition et fini comme la Conqu&ecirc;te du Mexique.</p>\r\n<p>Jer&oacute;nimo de Aguilar fut un personnage cl&eacute; de la conqu&ecirc;te puisqu''il servi d&rsquo;interpr&egrave;te &agrave; Cort&eacute;s pour traduire du Maya &agrave; l''espagnol et de son c&ocirc;t&eacute; la Malinche ou Malintzin, traduisait du n&aacute;huatl en langue maya et ainsi connaissait tous les &eacute;l&eacute;ments fondamentaux de la Conqu&ecirc;te du Mexique.</p>'),
  (21, 6, 1, 'El Inicio', NULL, '<p>La historia de Yucat&aacute;n propiamente dicha, empieza a partir de la conquista espa&ntilde;ola, en la primera mitad del siglo XVI. Antes de eso, el territorio que hoy se denomina pen&iacute;nsula de Yucat&aacute;n, era un reducto territorial en el que se desarroll&oacute;, probablemente por m&aacute;s de un milenio, el pueblo y la cultura maya y que fue llamado por los propios mayas, el Mayab. La palabra mayab, ma''ya''ab, significa: pocos, no muchos; el lugar donde hay poca gente o de gente escogida.</p>\r\n<p>Anteriormente a eso, en la l&iacute;nea del tiempo, en alguna porci&oacute;n del mismo espacio territorial, hubo poblaciones cuyo origen no ha sido cient&iacute;ficamente confirmado y que posiblemente daten de finales del pleistoceno o de la edad del hielo (hace aproximadamente 10.000 - 12.000 a&ntilde;os), como parece deducirse de los hallazgos en las grutas de Lolt&uacute;n y en las cavernas de Tulum (Mujer de las Palmas y Joven de Chan Hol).</p>\r\n<p>En el pasado remoto, hace 65 millones de a&ntilde;os, a finales del cret&aacute;cico, en el norte de la regi&oacute;n peninsular, cay&oacute; un meteorito o una fracci&oacute;n de &eacute;l, que produjo una cat&aacute;strofe mundial al hacer desaparecer a los dinosaurios de la faz de la tierra y provocar el denominado Cr&aacute;ter de Chicxulub.</p>\r\n<p><img src="imagenes/foto-peninsula-inicio.jpg" alt="" /></p>'),
  (22, 6, 2, 'Onset', NULL, '<p>The history of Yucatan n itself, starts from the Spanish Conquest? wave in first half of the sixteenth century. Before that, the territory now called pen? Cantilever Yucatan? N, was a territorial stronghold in which developme ?, probably m? S of a millennium, the people and the culture that was called by the Maya themselves, the Mayab. the mayab word, ma''ya''ab, means few, not many; where there are few people or chosen people.</p>\r\n<p>Prior to that, on up the line of time, in some porci? n the same territorial space, there were towns whose origin has not been scienti? cally confirmed and possibly date from the late Pleistocene or ice age (makes approximately 10000-12000 to years), as would appear from the findings in the caves of Lolth? ny in the caverns of Tulum (Women of the Palms and Young Hol Chan.)</p>\r\n<p>In the distant past, 65 million of years in the late cret?-calcium in the north of the region? n peninsular cay? a meteorite or fraction of a? l, which produced a cat? global strofe to do dinosaurs vanish from the face of the earth and cause the so-called Cr? ter Chicxulub. <img src="imagenes/foto-peninsula-inicio.jpg" alt="" /></p>'),
  (23, 6, 3, 'L''inizio', NULL, '<p class="Cuerpo">La storia dello Yucat&aacute;n, comincia con la conquista spagnola, nella prima met&agrave; del Secolo XVI. Il territorio dello Yucat&aacute;n, oggi penisola dello Yucat&agrave;n, era un ridotto territorio dove si svilupp&ograve;, probabilmente per un po&rsquo; pi&ugrave; di un millennio, il popolo e la cultura maya, chiamato dai maya; il Mayab.</p>\r\n<p class="Cuerpo">La parola mayab ma&rsquo;ya&rsquo;ab, significa: pochi; posto in cui c&rsquo;&egrave; poca gente, o gente scelta.&nbsp;&nbsp;</p>\r\n<p class="Cuerpo">&nbsp;</p>\r\n<p class="Cuerpo">Prima di questo, nella linea del tempo, da qualche parte, nello stesso territorio, esistevano popolazioni il cui origine non &egrave; stato ancora verificato in maniera scientifica, possibilmente risalga alla fine del pleistocene o era del ghiaccio&nbsp; (10.000 - 12.000 anni circa), dagli oggetti rinvenuti nelle grotte di Loltun e Tulum ( Donna delle palme e Giovane di Chan Hol) .</p>\r\n<p class="Cuerpo">&nbsp;</p>\r\n<p class="Cuerpo">Verso la fine del Cretaceo, 65 milioni di anni fa, a Nord della penisola, urto una meteorite, provocando una catastrofe mondiale; l&rsquo;estinzione dinosauri, originando con questo fortissimo impatto il Cratere di Chicxulub.&nbsp;</p>'),
  (24, 6, 4, 'Le commencement', NULL, '<p>L&rsquo;histoire du Yucatan a proprement dit, commence &agrave; partir de la conqu&ecirc;te espagnole, dans la premi&egrave;re moiti&eacute; du XVI &egrave;me si&egrave;cle. Avant cela, le territoire aujourd''hui appel&eacute; p&eacute;ninsule du Yucat&aacute;n, &eacute;tait un bastion territorial dans lequel le peuple et la culture maya s''est d&eacute;velopp&eacute; probablement durant plus d''un mill&eacute;naire, ce territoire fut appel&eacute; par les Mayas, le Mayab. Le mot : mayab, ma''ya''ab, signifie : un peu, pas beaucoup; le lieu o&ugrave; il y a peu de gens, o&ugrave; les gens sont choisis.</p>\r\n<p>De mani&egrave;re Chronologique et avant tout cela, l&rsquo;origine de la population de cet espace territorial n&rsquo;a pas &eacute;t&eacute; scientifiquement confirm&eacute;e mais nous pouvons supposer gr&acirc;ce aux recherches &eacute;tablies dans les grottes de Lolt&ugrave;n et&nbsp; les cavernes de Tulum (Mujer de las Palmas et El joven de Chan Hol), qu&rsquo;elle date de la fin du Pl&eacute;istoc&egrave;ne ou de l&rsquo;&acirc;ge de glace (c&rsquo;est &agrave; dire il y a approximativement 10.000 &ndash; 12.000 ans)</p>\r\n<p>Dans un pass&eacute; lointain, il y a 65 millions d&rsquo;ann&eacute;es, &agrave; la fin du Cr&eacute;tac&eacute; sup&eacute;rieur, une m&eacute;t&eacute;orite ou une partie de celle-ci, tomba dans le nord de la r&eacute;gion de la p&eacute;ninsule, produisant une catastrophe mondiale et fut disparaitre les dinosaures de la surface de la terre et cr&eacute;a le fameux crat&egrave;re de Chicxulub.</p>'),
  (25, 7, 1, 'Epoca Colonial', NULL, '<p>En sus or&iacute;genes, el territorio yucateco depend&iacute;a y era regulado a trav&eacute;s de la que se llam&oacute; la Audiencia de los Confines, ubicada en el territorio de lo que conocemos como Guatemala. El 9 de enero de 1560 se decreta la Real C&eacute;dula mediante la cual Yucat&aacute;n pasa a depender totalmente de la Audiencia de M&eacute;xico.</p>\r\n<p>Apenas un a&ntilde;o despu&eacute;s figura el nombre de fray Diego de Landa -personaje contradictorio quien nombrado para dirigir la iglesia de Yucat&aacute;n al final del Primer Cap&iacute;tulo Provincial de la orden de los franciscanos el 13 de septiembre de 1561.</p>\r\n<p>El 12 de julio de 1562 se lleva a cabo el Auto de Fe en el pueblo de Man&uacute;, castigo que fue impuesto por Fray Diego de Landa a los ind&iacute;genas mayas acusados de idolatr&iacute;a. En este lugar, son quemados y destruidos infinidad de documentos originales, c&oacute;dices y esculturas que reflejaban la grandeza de esta antigua cultura.</p>\r\n<p>En el a&ntilde;o de 1617 Yucat&aacute;n fue considerada una Capitan&iacute;a General, que depend&iacute;a de la Nueva Espa&ntilde;a, pero debido a su situaci&oacute;n geogr&aacute;fica se mantuvo con ciertas libertades. Durante el virreinato espa&ntilde;ol la provincia y capitan&iacute;a de Yucat&aacute;n abarcaba los territorios actuales de Campeche, Quintana Roo, Tabasco, Yucat&aacute;n y tambi&eacute;n le correspond&iacute;a nominalmente los territorios del norte del Pet&eacute;n y el actual Belice.</p>\r\n<p>En 1786 la Corona Espa&ntilde;ola implementa el r&eacute;gimen de intendencias y el territorio cambia su nombre a Intendencia de Yucat&aacute;n conservando sus mismos territorios.</p>'),
  (26, 7, 2, 'Epoca Colonial', NULL, '<p>In his sir genes, Yucatec depend territory? ay was regulated to trav? s from which calls? Hearing of the Borders, located in the territory of what is known as Guatemala. The January 9, 1560 is Royal decrees C? marrow whereby Yucatan? n becomes totally dependent on the audiencia of M? Mexico.</p>\r\n<p>Just a year you AFTER? s contains the name of Fray Diego de Landa -character contradictory whom I appointed to lead the church in Yucatan? n at the end of the First Cap? Provincial title of the order of Franciscans on September 13, 1561.</p>\r\n<p>The 12 July 1562 carried out the Auto de Fe in the town of Man ?, punishment was imposed by Fray Diego de Landa to ind? genas Maya accused of idolatry: a. Here, they are burned and destroyed countless original documents, c? say and sculptures reflecting the grandeur of this ancient culture.</p>\r\n<p>In the year 1617 or Yucatan? n was considered a Captain? General, which depend? for New Espa?a, but because of their situation? Geographical? Chart remained with certain freedoms. During the viceroyalty espa ol province and captain? Yucat at? n included the present territory of Campeche, Quintana Roo, Tabasco, Yucatan? ny also? n will correspond correspondence? nominally the northern territories of Pet? ny Belize today.</p>\r\n<p>In 1786 the Crown Espa ola implements the r? regime of municipalities and territory changed its name to Quartermaster Yucatan? n keeping their own territories.</p>'),
  (27, 7, 3, 'Epoca Coloniale', NULL, '<p class="Cuerpo">Nelle sue origini, il territorio yucateco era regolato o governato dalla &ldquo;Audiencia de los Confines&rdquo; che si trovava nel territorio appartenente alla Guatemala. Il 9 gennaio del 1560 venne stipolato che lo Yucat&aacute;n dipenderebbe totalmente dalla &ldquo;Audiencia di Messico&rdquo;.</p>\r\n<p class="Cuerpo">&nbsp;</p>\r\n<p class="Cuerpo">Un anno dopo - personaggio contraddittorio - Fray Diego de Landa fu nominato per dirigere la chiesa dello Yucat&aacute;n,&nbsp; il 13 settembre del 1561, verso la fine del Primo Capitolo Provinciale dell&rsquo;ordine dei Francescani.</p>\r\n<p class="Cuerpo">&nbsp;</p>\r\n<p class="Cuerpo">Il 12 luglio del 1562, a Man&iacute;, si realizza l&rsquo;Atto di Fede (Acto de Fe), castigo&nbsp; imposto da Fray Diego de Landa agl&rsquo;indigeni maya accusati di praticare l&rsquo;idolatria, bruciando e distruggendo tantissimi documenti originali, codici, sculture rappresentative della grandezza dell&rsquo;antica cultura Maya.&nbsp;</p>\r\n<p class="Cuerpo">&nbsp;</p>\r\n<p class="Cuerpo">Nel 1617 Yucat&aacute;n venne considerata una Capitania Generale, che dipendeva dalla Nuova Spagna, per&ograve; grazie alla sua situazione geografica conserv&ograve; alcune libert&agrave;. Nell&rsquo;epoca del Virreinato Espanol la provincia e capitania dello Yucatan comprendeva i territori di Campeche, Quintana Roo, Tabasco e Yucat&aacute;n, il Pet&eacute;n e Belize.&nbsp;</p>\r\n<p class="Cuerpo">&nbsp;</p>\r\n<p class="Cuerpo">Nel 1786 la Corona Spagnola implementa il regime di Intendencias e il territorio cambia il suo nome a quello di Intendencia de Yucat&aacute;n conservando gli stessi territori.</p>'),
  (28, 7, 4, 'L''Epoque coloniale', NULL, '<p>A l&rsquo;origine, le territoire du Yucatan d&eacute;pendait et fut r&eacute;gi &agrave; travers ce qui s&rsquo;appelait : la audiencia des Confines, bas&eacute;e &nbsp;sur les terres actuelles du Guatemala. Le 9 janvier 1560 un arr&ecirc;t&eacute; royal fut d&eacute;cr&eacute;t&eacute; afin que le Yucat&aacute;n se mette &agrave; d&eacute;pendre totalement de la audiencia du Mexique.</p>\r\n<p>&Agrave; peine un an plus tard, appara&icirc;t le nom de fr&egrave;re Diego de Landa - un personnage contradictoire qui fut nomm&eacute; pour diriger l''&eacute;glise du Yucat&aacute;n &agrave; la fin du Premier Chapitre Provincial de l''ordre des franciscains le 13 septembre 1561.</p>\r\n<p>&nbsp;</p>\r\n<p>Le 12 juillet 1562, un ch&acirc;timent appel&eacute;e : el Auto de Fe fut impos&eacute; dans le village de Man&uacute; par le Fr&egrave;re Diego de Landa aux Mayas indig&egrave;nes accus&eacute;s d''idol&acirc;trie. D''innombrables documents, manuscrits originaux et sculptures refl&eacute;tant la grandeur de cette ancienne culture furent alors br&ucirc;l&eacute;s et d&eacute;truits.</p>\r\n<p>&nbsp;</p>\r\n<p>En 1617 le Yucat&aacute;n fut consid&eacute;r&eacute; comme une capitainerie G&eacute;n&eacute;rale, qui &eacute;tait rattach&eacute; &agrave; la Nouvelle Espagne, mais gr&acirc;ce &agrave; sa situation g&eacute;ographique il r&eacute;ussi &agrave; maintenir une certaine libert&eacute;. Au cours de la lib&eacute;ration espagnole la province et la capitainerie du Yucat&aacute;n comprenaient les actuels territoires de Campeche, de Quintana Roo, de Tabasco et du Yucat&aacute;n ainsi que les territoires du nord de Pet&eacute;n et l&rsquo;actuel Belize.</p>\r\n<p>&nbsp;</p>\r\n<p>En 1786 la Couronne Espagnole met en application le syst&egrave;me d''Intendance, le territoire change donc son nom en &ldquo;Intendance de Merida&rdquo; tout en conservant les m&ecirc;mes fronti&egrave;res.</p>'),
  (29, 8, 1, 'Guerra de Castas', NULL, '<p>La Guerra de Castas surgi&oacute; en Yucat&aacute;n debido a las precarias condiciones de vida de los indios mayas en la pen&iacute;nsula y a la opresi&oacute;n en la que viv&iacute;an a manos de criollos y mestizos.</p>\r\n<p>&nbsp;</p>\r\n<p>Los ricos hacendados explotaban a los ind&iacute;genas trat&aacute;ndolos como esclavos. La revuelta empez&oacute; en 1847 en el poblado de Tepich. Aprovechando la experiencia b&eacute;lica que hab&iacute;an adquirido en las continuas guerras civiles del Estado, planearon el movimiento rebelde Manuel Antonio Ay, cacique de Chichimil&aacute;; Cecilio Chi cacique de Tepich, y Jacinto Pat, cacique de Tihosuco. Los mayas llegaron a controlar la mayor parte de la pen&iacute;nsula y el gobernador Miguel Barbachano tuvo que solicitar apoyo militar a M&eacute;xico del cual Yucat&aacute;n se hab&iacute;a separado. Fue una guerra muy sangrienta y termin&oacute; hasta 1901 con la ocupaci&oacute;n de la capital maya de Chan Santa Cruz (actual Felipe Carrillo Puerto) por las tropas del gobierno federal mexicano.</p>'),
  (30, 8, 2, 'Caste War of Yucatan', NULL, '<p>The Caste War arose? in Yucatan? n due to the poor living conditions of the Maya Indians in the pen? nsula and oppression? wherein n viv? hands of an Creoles and mestizos. L</p>\r\n<p>The rich landowners exploited the ind? genas tried? ndolos as slaves. He started the revolt? in 1847 in the town of Tepich. Building on the experience b? Lica that''d acquired an ongoing civil wars in the state, the rebel movement planned Manuel Antonio Ay, chief of Chichimil ?; Cecilio Chi Tepich chieftain, and Jacinto Pat, chief of Tihosuco. The Mayans came to control most of the pen? Nsula and Governor Miguel Barbachano had to request military support for M? Which Yucatan Mexico? N''d to separate. It was a very bloody war and finished? until 1901 with the occupation? n of the Maya capital of Chan Santa Cruz (now Felipe Carrillo Puerto) by the troops of the Mexican federal government.</p>'),
  (31, 8, 3, 'Guerra di Caste', NULL, '<p>La Guerra di Caste dello Yucat&aacute;n scoppi&ograve; a causa delle precarie condizioni di vita dei Maya nella penisola e l''oppressione in cui vivevano per mano di creoli e meticci.</p>\r\n<p>&nbsp;</p>\r\n<p>Ricchi proprietari terrieri sfruttavano gli indigeni trattandoli come schiavi. La rivolta comincio nel 1847 nella citt&agrave; di Tepich. Approfittando l&rsquo;esperienza militare acquistata durante le guerre civili dello Stato, Manuel Antonio Ay, capo della Chichimil&aacute;; Cecilio Chi capo di Tepich, e Jacinto Pat, capo di Tihosuco organizzano il movimento ribelle. I Maya riuscirono a controllare la maggior parte della penisola e il governatore Miguel Barbachano ha dovuto chiedere sostegno militare al Messico. Questa terribile guerra si concluse nel 1901 con l''occupazione della capitale Maya da Chan Santa Cruz (oggi Felipe Carrillo Puerto, Quintana Roo) dalle truppe del governo federale messicano.</p>'),
  (32, 8, 4, 'La Guerre de castes ', NULL, '<p>La Guerre de castes surgi dans le Yucat&aacute;n &agrave; cause des conditions de vie pr&eacute;caires des indiens maya dans la p&eacute;ninsule et de l''oppression dans laquelle ils vivaient aux mains de Cr&eacute;oles et m&eacute;tis.</p>\r\n<p>&nbsp;</p>\r\n<p>Les riches propri&eacute;taires fonciers exploitaient les indig&egrave;nes en les traitaient comme esclaves. La r&eacute;volte commen&ccedil;a en 1847 dans le village de Tepich.</p>\r\n<p>Profitant de l&rsquo;exp&eacute;rience qu&rsquo;ils avaient acquis dans les guerres civil de l&rsquo;Etat, un mouvement rebel fut planifi&eacute; par Manuel Antonio Ay, cacique de Chichimil&aacute; ; Cecilio Chi un cacique de Tepich, et Jacinto Pat, cacique de Tihosuco.</p>\r\n<p>Les mayas finirent par contr&ocirc;ler la majeure partie de la p&eacute;ninsule et le gouverneur Miguel Barbachano d&ucirc; demander le soutient militaire au Mexique duquel le Yucatan s&rsquo;&eacute;tait s&eacute;par&eacute;.</p>\r\n<p>Se fut un guerre tr&egrave;s sanglante qui termina en 1901 par l&rsquo;occupation de la capitale Maya de Chan Santa Cruz (actuellement Felipe Carrillo Puerto) par les troupes du gouvernement f&eacute;d&eacute;ral mexicain.</p>'),
  (33, 9, 1, 'Jacinto Canek', NULL, '<p>En 1761 Jacinto Canek o Jacinto Uc de los Santos (1730-1761), rebelde maya acaudill&oacute; una rebeli&oacute;n ind&iacute;gena contra los espa&ntilde;oles mejor conocida como La Rebeli&oacute;n de Jacinto Canek. Este ind&iacute;gena de raza pura hab&iacute;a nacido en el barrio de San Rom&aacute;n, en la ciudad de San Francisco de Campeche. El apellido por el que pas&oacute; a ser conocido lo tom&oacute; de un cacique del Pet&eacute;n, jefe rebelde de los itz&aacute;es. Durante una fiesta celebrada el 20 de noviembre de 1761 en Cisteil (a unos 50 km de M&eacute;rida) incit&oacute; a los ind&iacute;genas a levantarse contra los espa&ntilde;oles. En la refriega consiguiente falleci&oacute; el comandante del destacamento militar colonial de Sotuta.</p>\r\n<p>Extendida la sublevaci&oacute;n a otras poblaciones pr&oacute;ximas, se enviaron tropas que atacaron Cisteil y obligaron a huir a Canek, quien cay&oacute; preso en las cercan&iacute;as y fue conducido a M&eacute;rida junto con otros rebeldes. Ah&iacute; fue ejecutado en un tormento p&uacute;blico pocos d&iacute;as despu&eacute;s de haber iniciado la revuelta.</p>'),
  (34, 9, 2, 'Jacinto Canek', '', ''),
  (35, 9, 3, 'Jacinto Canek', NULL, '<p class="Cuerpo">Nel 1761 Jacinto Canek o Jacinto Uc de los Santos (1730-1761) rebelde maya condusse una ribellione indigena contro gli spagnoli, conosciuta come la Ribellione di Jacinto Canek. Questo indigena, di razza pura nacque nel quartiere di San Roman, nella citt&agrave; di San Fransisco de Campeche. Il suo cognome lo prese da un cacique (capo della tribu) del Peten, capo degli Iz&aacute;. In una festa celebrata il 20 novembre del 1761 a Cisteil (a 50 km di M&eacute;rida) incoraggi&ograve; gl&rsquo;indigeni a ribellarsi contro gli spagnoli. In questa lotta mor&igrave; il comandante del distaccamento militare coloniale di Sotuta.&nbsp;</p>\r\n<p class="Cuerpo">&nbsp;</p>\r\n<p class="Cuerpo">Questa ribellione si espanse alle vicine popolazioni, furono inviate truppe che attaccarono Cisteil (Quisteil) e obbligarono Canek a fuggire, fu preso nelle vicinanze e fu portato a M&eacute;rida assieme ad altri ribelli. Li fu assassinato in un tormento pubblico pochi giorni dopo aver iniziato la ribellione.</p>'),
  (36, 9, 4, 'Jacinto Canek ', NULL, '<p>En 1761 Jacinto Canek ou Jacinto Uc de los Santos (1730-1761), un maya acaudill&oacute; provoqua une r&eacute;volte indig&egrave;ne contre les espagnols mieux connue sous le nom de La R&eacute;volte de Jacinto Canek. Cet indig&egrave;ne &eacute;tait de race pure n&eacute; dans le quartier de San Rom&aacute;n, dans la ville de San Francisco de Campeche. Le nom par lequel il est devenu connu lui a &eacute;t&eacute; administr&eacute; par un cacique du Pet&eacute;n, un chef rebelle des itz&aacute;es. Au cours d''une f&ecirc;te organis&eacute;e le 20 Novembre 1761 &agrave; Cisteil (&agrave; environ 50 km de M&eacute;rida) il a incit&eacute; les indig&egrave;nes &agrave; se soulever contre les espagnols. Au cours de cette bagarre, le commandant du d&eacute;tachement militaire colonial de Sotuta d&eacute;c&egrave;da.</p>\r\n<p>Ce soul&egrave;vement fut &eacute;tendu aux villes voisines, et des troupes furent envoy&eacute;es pour attaquer Cisteil et oblig&egrave;rent Canek &agrave; fuir. Celui ci tomba prisonnier et fut conduit &agrave; Merida avec d&rsquo;autres rebelles. Il fut alors ex&eacute;cut&eacute; dans un tourment public quelques jours apr&egrave;s avoir initi&eacute; la r&eacute;volte. &nbsp;</p>'),
  (37, 10, 1, 'Origen del Hombre', NULL, '<p>La presencia de los primeros humanos en el espacio geogr&aacute;fico de la pen&iacute;nsula de Yucat&aacute;n data de finales del pleistoceno (10,000 AC) como parece deducirse de los hallazgos en las cuevas inundadas de Tul&uacute;m y en las grutas de Lolt&uacute;n.</p>\r\n<p>Tambi&eacute;n se ha encontrado en las grutas de Lolt&uacute;n material cer&aacute;mico del a&ntilde;o 700 a. C. y vestigios de asentamientos humanos hacia 2,300 a. c., estos al parecer no tienen origen maya. Fueron los mayas quienes establecieron las primeras ciudades en la pen&iacute;nsula. Los primeros de entre ellos, afirman algunos historiadores, bajaron del Pet&eacute;n, para instalarse en la regi&oacute;n suroriental de la pen&iacute;nsula en la zona de Bacalar, Quintana Roo y que lo hicieron hacia el a&ntilde;o 250 DC. Fueron los Chanes, pueblo o tribu maya que antecedi&oacute; a los Itz&aacute;es, quienes m&aacute;s tarde, hacia el a&ntilde;o 525 D.C. comenzaron a moverse hacia el oriente de la pen&iacute;nsula, fundando Chich&eacute;n Itz&aacute;, Izamal, Motul, Ek Balam, Ichcaanziho, hoy la Ciudad de M&eacute;rida y Champot&oacute;n.</p>\r\n<p>M&aacute;s adelante, hubo otros grandes centros urbanos mayas en Yucat&aacute;n, aunque cada ciudad ten&iacute;a autogobierno y fuerza militar (con similar organizaci&oacute;n a las polis griegas), todos se identificaban como mayas.</p>\r\n<p>En la pen&iacute;nsula las tres ciudades principales fueron, aparte de Chich&eacute;n Itz&aacute;, Uxmal y Mayap&aacute;n. &Eacute;stas formaron la Liga de Mayap&aacute;n que era una especie de confederaci&oacute;n para tener apoyo mutuo en cuanto a comercio y defensa de sus fronteras. El poder desarrollado por la Triple Alianza dur&oacute; poco, pues Hunac Ceel Cauich, se&ntilde;or de Mayap&aacute;n, pele&oacute; y derrot&oacute; a Chac Xib Chac de Chich&eacute;n-Itz&aacute;, quienes huyeron y se establecieron en el lago Pet&eacute;n-Itz&aacute;, al norte de Guatemala, seg&uacute;n el relato del Chilam Balam de Chumayel.</p>\r\n<p>Muchas ciudades peninsulares actuales en su origen fueron localidades mayas: M&eacute;rida (T''H), Campeche (Akimpech) o Can Pech, Champot&oacute;n (Chan Pet&oacute;n) Chetumal (Chaktemal), etc.</p>\r\n<p>Del mismo modo, muchos apellidos actuales son heredados del pueblo maya a los yucatecos modernos: Canul, Cahuich, Cohu&oacute;, Pech, Chi, Ay, Pat, Uc&aacute;n, Tzec, Yah, Ixba a&uacute;n se conservan en pleno siglo XXI y tienen su origen en los antiguos mayas</p>'),
  (38, 10, 2, 'Origen del Hombre', NULL, ''),
  (39, 10, 3, 'L''origine dell''uomo', NULL, '<p class="Cuerpo">Dalle scoperte rinvenute nelle grotte inondate&nbsp; di Tulum e Lolt&uacute;n, si sa che la presenza dei primi esseri umani nella penisola dello Yucat&agrave;n risale alla fine del Pleistocene (10.000 a.C.)</p>\r\n<p class="Cuerpo">&nbsp;</p>\r\n<p class="Cuerpo">Vasellame risalente all&rsquo;anno 700 a.C.&nbsp; &egrave; stato anche trovato in queste grotte e, resti di insediamenti umani&nbsp; del 2.300 a.C., queste scoperte si pensa non siano di origine maya. I maya stabilirono le prime citt&agrave; nella penisola verso il 250 d.C.. I primi maya, confermano gli storici, sono venuti dal Peten, per stabilirsi nella regione sud-orientale della penisola, nella zona di Bacalar, Quintana Roo. I Chanes, popolo o trib&ugrave; maya, antenati degli Itza, verso il 525 d.C. si spostarono all&rsquo;oriente della penisola e fondarono le citt&agrave; di Chichen Itz&aacute;, Izamal, Motul, Ek Balam, Ichcaanziho (oggi M&eacute;rida) e Champot&oacute;n.&nbsp;&nbsp;</p>\r\n<p class="Cuerpo">&nbsp;</p>\r\n<p class="Cuerpo">Le tre citt&agrave; principali della penisola: Chich&eacute;n Itz&aacute;, Uxmal e Myapan, fondarono la Liga di Mayap&aacute;n, in essa si aiutavano gli uni agli altri sia commercialmente come militarmente. Questa Triple Alleanza non dur&ograve; a lungo, giacch&eacute; Hunan Ceel, signore di Mayap&aacute;n, lott&ograve; e sconfisse Chac Xib Chac Signore di Chich&eacute;n Itz&aacute;, questi fuggirono e si stabilirono nel lago Pet&eacute;n Itz&aacute; al nord di Guatemala, secondo la narrazione del Chilam Balam di Chumayel.&nbsp; &nbsp;</p>\r\n<p class="Cuerpo">&nbsp;</p>\r\n<p class="Cuerpo">Molte citt&agrave; peninsulari attuali hanno le loro origini in diverse localit&agrave; maya: M&eacute;rida (T&rsquo;H), Campeche (Akimpech) o Can Pech, Champot&oacute;n (Chan Pet&oacute;n) Chetumal (Chaktemal), ecc.</p>\r\n<p class="Cuerpo">&nbsp;</p>\r\n<p class="Cuerpo">Anche molti dei cognomi attuali sono stati ereditati dal popolo maya ai yucatechi moderni: Canul, Cahuich Cohu&oacute;, Pech, Chi, Ay, Pat, Uc&aacute;n, Tzec, Yah, Ixba si conservano ancora e hanno le loro origini negli antichi maya.&nbsp;</p>'),
  (40, 10, 4, 'L''orignie de l''Homme', NULL, '<p>La pr&eacute;sence des premiers humains dans la zone g&eacute;ographique de la p&eacute;ninsule du Yucatan date de la fin du pl&eacute;istoc&egrave;ne (-10.000 ans avant J.-C.) comme nous pouvons en d&eacute;duire des d&eacute;couvertes faites dans les grottes inond&eacute;es de Tul&ugrave;m et dans les grottes de Loltun.</p>\r\n<p>Nous avons &eacute;galement trouv&eacute; dans les grottes de Lolt&ugrave;n des objets en c&eacute;ramique datant de 700 ans avant J.-C. ainsi que des vertiges d&rsquo;installations humaines datant de 2,300 ans avant J.-C. et qui ne sont apparemment pas d&rsquo;origine maya. Cependant, ce fut les mayas qui ont construit les premi&egrave;res villes dans la p&eacute;ninsule. Les premiers d''entre eux, affirment quelques historiens, sont descendus du Pet&eacute;n, pour s''installer dans la r&eacute;gion sur oriental de la p&eacute;ninsule dans la zone de Bacalar, de Quintana Roo, et ce jusque environ 250 apr&egrave;s J-C. Ce fut los Chanes, le peuple ou tribu maya qui a pr&eacute;c&eacute;d&eacute; les Itz&aacute;es, qui plus tard, vers l''ann&eacute;e 525 apr&egrave;s J-C. ont commenc&eacute; &agrave; se mouvoir vers l''orient de la p&eacute;ninsule, en fondant Chich&eacute;n Itz&aacute;, Izamal, Motul, Ek Balam, Ichcaanziho, aujourd''hui la Ville de M&eacute;rida et Champot&oacute;n.</p>\r\n<p>Plus tard, il y eu d''autres grands centres urbains mayas dans le Yucat&aacute;n, bien que chaque ville e&ucirc;t une autonomie et une force militaire propre (avec une organisation similaire aux polis grecs), tous s''identifiaient comme Mayas.</p>\r\n<p>Dans la p&eacute;ninsule les trois villes principales furent : Chich&eacute;n Itz&aacute;, Uxmal et Mayap&aacute;n. Celles-ci ont form&eacute; la Ligue de Mayap&aacute;n qui &eacute;tait une sorte de conf&eacute;d&eacute;ration cr&eacute;&eacute;e afin d&rsquo;avoir un appui mutuel concernant le commerce et la d&eacute;fense de leurs fronti&egrave;res. Le pouvoir d&eacute;velopp&eacute; par la Triple Alliance fut de courte dur&eacute;e, car Hunac Ceel Cauich, senor de Mayap&aacute;n, combattu et vaincu Chac Xib Chac de Chich&eacute;n-Itz&aacute;, qui ont fui et se sont &eacute;tablis au lac Pet&eacute;n-Itz&aacute;, au nord du Guatemala, selon le r&eacute;cit du Chilam Balam de Chumayel.</p>\r\n<p>De nombreuses villes de la p&eacute;ninsule actuelle &eacute;taient &agrave; l''origine des villes mayas : M&eacute;rida (T''H), Campeche (Akimpech) ou Chien Pech, Champot&oacute;n (Chan Pet&oacute;n) Chetumal (Chaktemal), etc&hellip;</p>\r\n<p>De m&ecirc;me, de nombreux noms modernes sont h&eacute;rit&eacute;s du peuple maya yucat&egrave;que : Canul, Cahuich, Cohu&oacute;, Pech, Chi, A&iuml;, Pat, Uc&aacute;n, Tzec, Yah, Ixba et sont toujours d&rsquo;actualit&eacute; au XXIe si&egrave;cle.</p>');
INSERT INTO `articulo_idioma` (`id`, `id_articulo`, `id_idioma`, `nombre`, `descripcion_corta`, `descripcion`) VALUES
  (41, 11, 1, 'Pirateria en Yucatan', NULL, '<p>Casi desde el principio de la denominada &eacute;poca de la Colonia, Yucat&aacute;n tuvo que afrontar los frecuentes y cada vez m&aacute;s peligrosos ataques de los corsarios que merodeaban por sus costas. Los primeros contingentes pir&aacute;ticos que atacaron la pen&iacute;nsula de Yucat&aacute;n fueron franceses. Saquearon iglesias y casas, y cometieron diversos actos sacr&iacute;legos. El gobernador de Yucat&aacute;n tom&oacute; medidas para combatir a los intrusos. Algunos piratas fueron capturados y llevados a M&eacute;rida, y posteriormente a la ciudad de M&eacute;xico, donde los juzg&oacute; el Tribunal de la Inquisici&oacute;n y los conden&oacute; a morir en la hoguera, en el primer auto de fe celebrado en la capital del virreinato.</p>\r\n<p>Posteriormente, piratas ingleses ocuparon Campeche. Los vecinos que lograron refugiarse combatieron a los intrusos con heroicidad y lograron la evacuaci&oacute;n de la Ciudad. A partir de entonces, el peligro de incursiones pir&aacute;ticas constituy&oacute;, junto con el de las posibles sublevaciones ind&iacute;genas, la preocupaci&oacute;n permanente de la poblaci&oacute;n europea y criolla que viv&iacute;a en Yucat&aacute;n. Varias de estas incursiones fueron dirigidas por c&eacute;lebres piratas: Pata de Palo, Diego el Mulato, Jacobo Jackson.</p>\r\n<p>Los ataques de filibusteros se multiplicaron en n&uacute;mero y audacia, al punto que la Capitan&iacute;a General de Yucat&aacute;n, debi&oacute; realizar ingentes esfuerzos para construir obras de defensa, particularmente en la zona de Campeche: se edificaron murallas, baluartes, almacenes y cuarteles. Estas obras ayudaron a cotrarrestar los efectos de los ataques a la poblaci&oacute;n de esa parte de la Pen&iacute;nsula de Yucat&aacute;n que era por ese entonces la m&aacute;s rica de la provincia; en cambio, otros lugares de la costa todav&iacute;a siguieron sufriendo las visitas espor&aacute;dicas de los corsarios hasta bien entrado el siglo XVIII.</p>'),
  (42, 11, 2, 'Pirateria en yucatan', NULL, ''),
  (43, 11, 3, 'Pirateria nello Yucatan', NULL, '<p class="Cuerpo">Quasi dall''inizio della cosiddetta epoca coloniale, Yucat&aacute;n ha affrontato frequenti attacchi sempre pi&ugrave; pericolosi per i pirati che infestavano le sue rive. Il primo contingente pirati che ha attaccato lo Yucatan sono stati i francesi. Hanno saccheggiato le chiese e le case, e commesso molti atti sacrileghi. Il governatore dello Yucat&aacute;n ha provveduto a combattere gli intrusi. Alcuni pirati sono stati catturati e portati a M&eacute;rida, e poi a Citt&agrave; del Messico, dove vennero giudicati dal Tribunale dell''Inquisizione e condannati a morire bruciati, nella prima auto di fede realizzato nella capitale vicereale.</p>\r\n<p class="Cuerpo">&nbsp;</p>\r\n<p class="Cuerpo">Pi&ugrave; tardi, i pirati inglesi occuparono Campeche. I vicini di Campeche che riuscirono a rifugiarsi, combatterono eroicamente gli intrusi e sono riusciti ad evacuare la citt&agrave;. Successivamente, il pericolo delle incursioni piratesche costituiva, insieme alle rivolte indigene, la costante preoccupazione della popolazione europea e creola &nbsp;che viveva nello Yucatan. Molti di questi attacchi sono stati diretti da famosi pirati Pata de Palo, Diego il Mulatto, Jacobo Jackson.</p>\r\n<p class="Cuerpo">&nbsp;</p>\r\n<p class="Cuerpo">Gli attacchi dei filibustieri si moltiplicarono in numero e audacia, al punto che la Capitaneria Generale dello Yucat&aacute;n, dovette fare grandi sforzi per costruire opere di difesa, in particolare nel settore di Campeche: muri, bastioni, magazzini e caserme sono stati costruiti. Queste opere hanno contribuito diminuire gli effetti degli attentati sulla popolazione di quella parte della penisola dello Yucatan che era ormai la provincia pi&ugrave; ricca; Tuttavia, altre parti della costa hanno ancora continuato a subire le visite sporadiche da parte dei pirati fino al XVIII secolo</p>'),
  (44, 11, 4, 'La piraterie dans le Yucatan', NULL, '<p>Presque d&egrave;s le d&eacute;but des temps dits coloniaux, le Yucat&aacute;n fut confront&eacute; aux attaques fr&eacute;quentes et de plus en plus dangereuses des pirates qui &eacute;cumaient ses rives. Les premiers contingents pirates qui attaqu&egrave;rent la p&eacute;ninsule du Yucat&aacute;n furent fran&ccedil;ais. Ils pill&egrave;rent des &eacute;glises et des maisons, et commirent divers sacril&egrave;ges. Le gouverneur du Yucat&aacute;n pris alors des mesures pour combattre les intrus. Quelques pirates furent captur&eacute;s, emmen&eacute;s &agrave; M&eacute;rida, puis &agrave; Mexico o&ugrave; le Tribunal de Inquisition les jugea et les condamna &agrave; mourir sur le b&ucirc;cher, dans la premi&egrave;re Auto de fe c&eacute;l&eacute;br&eacute;e dans la capitale du Virreinato.</p>\r\n<p>Par la suite, les pirates anglais occup&egrave;rent Campeche. Les membres d&rsquo;un groupe de r&eacute;fugier ont combattu les intrus avec h&eacute;ro&iuml;cit&eacute; et ont obtenu l''&eacute;vacuation de la ville. Par la suite, le danger d''attaques par les pirates ainsi que les soul&egrave;vements possibles des indig&egrave;nes ont constitu&eacute; la pr&eacute;occupation permanente de la population europ&eacute;enne et cr&eacute;ole qui vivait dans le Yucat&aacute;n. Quelques de ces incursions ont d&rsquo;ailleurs &eacute;t&eacute; dirig&eacute;es par de c&eacute;l&egrave;bres pirates : la Patte de B&acirc;ton, Jacques Mul&acirc;tre, Jacobo Jackson.</p>\r\n<p>Les attaques de flibustiers se multipli&egrave;rent en nombre et avec audace, au point que la capitainerie G&eacute;n&eacute;rale du Yucat&aacute;n, due r&eacute;aliser des efforts &eacute;normes pour assurer sa d&eacute;fense, particuli&egrave;rement dans la zone de Campeche o&ugrave; se sont &eacute;difi&eacute;s des murailles, des remparts, des entrep&ocirc;ts et des casernes. Ces travaux ont aid&eacute; &agrave; contrer les attaques envers la population de cette partie de la P&eacute;ninsule du Yucat&aacute;n qui &eacute;tait &agrave; l''&eacute;poque la plus riche de la province; Cependant, d''autres lieux de la c&ocirc;te ont encore continu&eacute; &agrave; subir les visites sporadiques des pirates jusqu''au XVIIIe si&egrave;cle.</p>'),
  (45, 12, 1, 'Republica de Yucatan', NULL, '<p>El 29 de mayo de 1823, la diputaci&oacute;n provincial yucateca condiciona la anexi&oacute;n del estado a la naci&oacute;n mexicana a que la por entonces nueva rep&uacute;blica se sustentara sobre las bases federalistas y aceptara que Yucat&aacute;n tuviera su propia Constituci&oacute;n.</p>\r\n<p>El 6 de abril de 1825, es sancionada la primera Constituci&oacute;n Pol&iacute;tica del Estado de Yucat&aacute;n, siendo gobernador por Yucat&aacute;n Antonio L&oacute;pez de Santa Anna.</p>\r\n<p>La Rep&uacute;blica de Yucat&aacute;n surgi&oacute; como respuesta al gobierno centralista encabezado precisamente por Antonio L&oacute;pez de Santa Anna en 1835. El movimiento encabezado por Miguel Barbachano, exig&iacute;a un gobierno federal, y al no lograrlo promovi&oacute; que Yucat&aacute;n fuera independiente de M&eacute;xico.</p>\r\n<p>Santa Anna, comision&oacute; a Andr&eacute;s Quintana Roo oriundo de M&eacute;rida, para establecer un di&aacute;logo con las autoridades yucatecas y el Congreso Yucatanense con el fin de que se reincorporasen a M&eacute;xico. La labor de Quintana Roo rindi&oacute; frutos y se firmaron los tratados del 28 y 29 de noviembre de 1841. En ellos se manifestaba que Yucat&aacute;n conservar&iacute;a sus leyes y aranceles de aduanas, as&iacute; como la libre introducci&oacute;n de mercanc&iacute;as a sus puertos, entre otras ventajas para Yucat&aacute;n. Sin embargo, las diferencias continuaron y Yucat&aacute;n se separ&oacute; del M&eacute;xico centralista por dos periodos, pero la pen&iacute;nsula se vio obligada a reincorporarse en 1848, debido a que el propio gobernador Barbachano tuvo que pedir ayuda al gobierno central de M&eacute;xico por la Guerra de Castas.</p>\r\n<p>En ese proceso Santiago M&eacute;ndez Ibarra, ex-gobernador de Yucat&aacute;n, en pugna con Barbachano a quien hab&iacute;a tenido que ceder el poder porque &eacute;l no hab&iacute;a podido resolver el problema de la guerra interna, ofreci&oacute; la soberan&iacute;a yucateca a cambio de auxilio militar, a Cuba, a Jamaica, a Espa&ntilde;a e Inglaterra, a los Estados Unidos pero nadie atendi&oacute; sus s&uacute;plicas. En septiembre de 1847, Justo Sierra O''Reilly viaj&oacute; a los Estados Unidos de Norteam&eacute;rica en busca de ayuda para salvar a la poblaci&oacute;n blanca de la pen&iacute;nsula.</p>'),
  (46, 12, 2, 'Republic of Yucatan', NULL, '<p>The May 29, 1823, the Diputaci? provincial Yucatan n determines the annexation? n state to the nation? n Mexico to the then new rep? Republic is substantiate on the basis federalists and accept that Yucat? had its own Constituci n? n.</p>\r\n<p>The April 6, 1825, is the first sanctioned Constituci? Pol n Estheticians Yucatan State? n, being governor of Yucatan? n Antonio L? pez de Santa Anna.</p>\r\n<p>The Rep? Republic of Yucatan? n arose? in response to precisely centralist government headed by Antonio L? pez de Santa Anna in 1835 movement led by Miguel Barbachano exig? Of a federal government, and promoted Branches do not? that Yucat? n was independent of M? Mexico.</p>\r\n<p>Santa Anna, commission? to Andr? Quintana Roo s? native of M? rida ?, to establish a di? logo with Yucatecan authorities and Congress to Yucatanense that reincorporasen to M? Mexico. The work of Quintana Roo rindi? fruits and treaties of 28 and 29 November 1841, they stated that in Yucatan? n retain signed? a its laws and customs tariffs, as? as the introduction free? WARE n? their ports as, among other advantages to Yucatan? n. However, the differences remained and Yucat? N is separ? M? centralist Mexico for two periods, but the pen? nsula was forced to return in 1848, because the governor had to ask Barbachano aid central government M? Mexico by the Caste War.</p>\r\n<p>In the process M Santiago Mendez Ibarra, former governor of Yucatan? n, in conflict with Barbachano who''d I had to yield to power because? l not''d been able to solve the problem of internal war, he offered? the sovereignty of Yucatan in exchange for military aid to Cuba, Jamaica, to Spain? ae England, to the United States but no Atendi? their s? tenders. In September 1847, Justo Sierra O''Reilly Safe Journey? the United States of Norteam? rich for help to save the population? white n the pen? nsula.</p>'),
  (47, 12, 3, 'Repubblica dello Yucatan', NULL, '<p>Il 29 maggio 1823, il consiglio della contea dello Yucatan determina l''annessione dello Stato alla nazione messicana per l''allora nuova repubblica si suffragasse sulle basi federaliste e accettasse che lo Yucatan avesse la sua propria costituzione.</p>\r\n<p>&nbsp;</p>\r\n<p>La Repubblica dello Yucat&aacute;n &egrave; emersa in risposta al proprio governo centralista guidato da Antonio L&oacute;pez de Santa Ana nel 1835. Il movimento guidato da Miguel Barbachano, chiese un governo federale, e non riuscendoci promosse fare dello Yucat&aacute;n uno stato indipendente dal Messico.</p>\r\n<p>&nbsp;</p>\r\n<p>Andres Quintana Roo, bato a M&eacute;rida venne commissionato da Santa Anna, per stabilire un dialogo con le autorit&agrave; yucateche e con il congresso dello Yucat&aacute;n affinch&eacute; fossero incorporati a Messico. Il lavoro di Quintana Roo ebbe successo firmandosi gli accordi del 28 e 29 novembre del 1841. In essi era manifesto che lo Yucat&aacute;n manterrebbe le sue leggi e tariffe doganali, nonch&eacute; il libero ingresso di merce nei suoi porti. Nonostante, le differenze seguirono e lo Yucat&aacute;n si separ&ograve; dal Messico Centrale per due periodi, ma la Penisola venne costretta a incorporarsi nuovamente nel 1848, visto che il proprio governatore Barbachano ebbe bisogno di chiedere aiuto al governo Centrale di Messico durante la Guerra di Caste.&nbsp;</p>\r\n<p>&nbsp;</p>\r\n<p>Intanto, Santiago M&eacute;ndez Ibarra, ex-governatore dello Yucat&aacute;n, in lotta con Barbachano a chi dovette cedere il potere visto che non riusc&igrave; a risolvere il problema della guerra interna, offr&igrave; la sovranit&agrave; yucateca a Cuba, Jamaica, Spagna, Inghilterra e gli Stati Uniti, &nbsp;in cambio di aiuto militare ma nessuno lo aiut&ograve;. Nel settembre del 1847, Justo Sierra O&rsquo;Reilly viaggi&ograve; negli Stati Uniti in cerca di aiuto per salvare gli abitanti dello Yucat&aacute;n.&nbsp;&nbsp;</p>'),
  (48, 12, 4, 'La République du Yucatan', NULL, '<p>Le 29 mai 1823, le Conseil G&eacute;n&eacute;ral yucatec conditionne l''annexion de l''&eacute;tat &agrave; la nation mexicaine, la nouvelle r&eacute;publique est alors &eacute;tablie sur des bases f&eacute;d&eacute;ralistes et accepte que Yucatan ait sa propre constitution.</p>\r\n<p>Le 6 avril 1825, la premi&egrave;re Constitution de l''Etat du Yucatan est adopt&eacute;e, Antonio Lopez de Santa Anna devient alors le gouverneur.</p>\r\n<p>Santa Anna charge <a href="http://fr.wikipedia.org/wiki/Andr%C3%A9s_Quintana_Roo">Andr&eacute;s Quintana Roo</a> (n&eacute; &agrave; <a href="http://fr.wikipedia.org/wiki/M%C3%A9rida_(Mexique)">M&eacute;rida</a>, dans l''&Eacute;tat du <a href="http://fr.wikipedia.org/wiki/Yucat%C3%A1n">Yucat&aacute;n</a>) d''&eacute;tablir un dialogue avec les autorit&eacute;s yucat&egrave;ques et le &laquo;&nbsp;Congr&egrave;s Yucat&egrave;que&nbsp;&raquo; afin de r&eacute;incorporer l''&eacute;tat au Mexique. Le travail de Quintana Roo porte ses fruits et les trait&eacute;s des <a href="http://fr.wikipedia.org/wiki/28_novembre">28</a> et <a href="http://fr.wikipedia.org/wiki/29_novembre">29</a> <a href="http://fr.wikipedia.org/wiki/Novembre_1841">novembre</a> <a href="http://fr.wikipedia.org/wiki/1841">1841</a> sont alors sign&eacute;s. Le Yucat&aacute;n conserve donc ses lois et droits de douane, ainsi que la libre circulation des marchandises aux fronti&egrave;res de la R&eacute;publique. N&eacute;anmoins, les diff&eacute;rences continu&egrave;rent et le Yucatan se s&eacute;para du Mexique durant deux p&eacute;riodes, mais la p&eacute;ninsule fut oblig&eacute;e &agrave; se r&eacute;incorporer en 1848, en raison de l''aide demand&eacute;e au gouvernement central mexicain par le gouverneur Barbachano pour la guerre des Castes.</p>\r\n<p>&nbsp;</p>\r\n<p>C''est dans ce processus, que Santiago Mendez Ibarra, ex gouverneur du Yucatan, en lutte contre Barbachano, a qui il avait du c&eacute;der le pouvoir parce qu''il n''avait pas pu r&eacute;soudre le probl&egrave;me de la guerre interne, offrit la souverainet&eacute; du Yucatan en &eacute;change de l''aide militaire, &agrave; Cuba, &agrave; la Jama&iuml;que, &agrave; l''Espagne, &agrave; l''Angleterre, et aux Etats Unis, mais personne ne r&eacute;pondit &agrave; sa demande. En septembre 1847, Justo Sierra O''Reilly voyagea aux Etats Unis d''Am&eacute;rique, &agrave; la recherche d''aide, pour sauver la population blanche de la p&eacute;ninsule.</p>'),
  (49, 13, 1, 'Separacion de Campeche', NULL, '<p>En 1851 el gobierno yucateco hab&iacute;a logrado recuperar el control del noroeste de la Pen&iacute;nsula. Entonces enfrent&oacute; nuevas dificultades. En plena guerra de castas y como resultado de pugnas pol&iacute;ticas entre facciones irreconciliables, Campeche busca su separaci&oacute;n del control yucateco. En 1857 Campeche decret&oacute; su independencia y aunque el gobierno central de Ju&aacute;rez tardo algunos a&ntilde;os en reconocer el hecho, finalmente en 1862 lo acept&oacute;. Perdidas las mejores salinas y las tierras del palo de tinte, Yucat&aacute;n tuvo que explorar nuevas alternativas productivas fomentando la siembra de la ca&ntilde;a de azucar y principalmente del henequ&eacute;n que mediante la invenci&oacute;n de una m&aacute;quina capaz de desfibrar las duras pencas del agave fue capaz de transformarse en una pujante agroindustria que fue la base de la econom&iacute;a regional durante todo el siguiente siglo.</p>\r\n<p>La ocupaci&oacute;n francesa, bajo el imperio de Maximiliano de Habsburgo fue apoyada por los conservadores yucatecos, entre los cuales destacaron el entonces gobernador Coronel Felipe Navarrete y los tambi&eacute;n coroneles Francisco Cant&oacute;n Rosado y Teodosio Canto, quienes sometieron a los liberales de Campeche. Mientras dur&oacute; el imperio (1864-67). El territorio Campechano fue reintegrado temporalmente a Yucat&aacute;n. En 1865 la emperatriz Carlota visit&oacute; la pen&iacute;nsula llegando por Sisal y visitando M&eacute;rida, Uxmal y Campeche. Su presencia fue festejada con gran pompa a pesar de los tiempos aciagos que viv&iacute;a el estado por la rebeli&oacute;n maya que no pod&iacute;a ser sofocada.</p>\r\n<p>En un proceso aparte y posterior, concluida la guerra de castas, el 24 de noviembre, de 1902, el presidente Porfirio D&iacute;az proclam&aacute; la formaci&oacute;n del territorio de Quintana Roo para evitar nuevos focos de insurrecci&oacute;n ind&iacute;gena, separ&aacute;ndolo del estado de Yucat&aacute;n.</p>'),
  (50, 13, 2, 'Separacion de Campeche', NULL, ''),
  (51, 13, 3, 'Separazione di Campeche', NULL, '<p>Nel 1851 il governo dello Yucatan era riuscito a riprendere il controllo del nord-est della penisola. Poi ha affrontato nuove sfide. Nella guerra di caste e come risultato di lotte politiche tra fazioni inconciliabili, Campeche cerca di separasi dal controllo dello Yucatan. Nel 1857 Campeche dichiara la sua indipendenza e, anche se il governo centrale di Juarez ci mise qualche anno a riconoscere il fatto, finalmente, nel 1862 lo accett&ograve;. Perdendo il miglior territorio de sale e foresta di alberi di Campeche (logwood), Yucat&aacute;n ha dovuto esplorare nuove alternative produttive favorendo la piantagione di canna da zucchero e henequen e con l&rsquo;invenzione di una macchina che pu&ograve; rompere le foglie dure del agave, &egrave; stato in grado di trasformarsi in una agroindustria, base dell''economia regionale nel corso del secolo successivo.</p>\r\n<p>&nbsp;</p>\r\n<p>L''occupazione francese, sotto l''impero di Massimiliano d''Asburgo sostenuta dai conservatori dello Yucatan, tra i pi&ugrave; noti l''allora governatore Colonnello Felipe Coronel Navarrete e i colonnelli Francisco Canton Rosado e Teodosio Canto, che hanno sottomesso i liberali di Campeche. Durante l''Impero (1864-1867). Il territorio &egrave; stato temporaneamente reintegrato temporalmente allo Yucat&aacute;n. Nel 1865 l''imperatrice Carlota visit&ograve; la penisola entrando da Sisal e ha visitato Merida, Uxmal e Campeche. La sua presenza &egrave; stata celebrato con grande sfarzo, nonostante i momenti difficili che lo stato sperimentava dalla rivolta Maya che non riuscivano a controllare.</p>\r\n<p>&nbsp;</p>\r\n<p>In un altro processo, si conclude la guerra delle caste il 24 novembre 1902, il presidente Porfirio Diaz proclam&ograve; la formazione del territorio di Quintana Roo per evitare nuovi focolai di insurrezione indigena, separando Quintana Roo dallo stato di Yucatan.</p>'),
  (52, 13, 4, 'La séparation de Campeche', NULL, '<p>En 1851, le gouvernement du Yucatan r&eacute;ussi &agrave; reprendre le contr&ocirc;le du nord de la p&eacute;ninsule. Puis il fit face &agrave; de nouveaux d&eacute;fis, suite &agrave; la guerre des castes et des luttes politiques entre factions irr&eacute;conciliables, Campeche chercha &agrave; se s&eacute;parer du contr&ocirc;le du Yucatan. Campeche en 1857 d&eacute;clara son ind&eacute;pendance, bien que le gouvernement central de Ju&aacute;rez mis quelques ann&eacute;es pour la reconna&icirc;tre et l&rsquo;accepta en 1862. Ayant perdu les meilleurs salines et les terres du palo de tinte, le Yucatan d&ucirc; explorer de nouvelles alternatives de production pour semer la canne &agrave; sucre et le henequen. Au travers de l&rsquo;invention d&rsquo;une machine capable de d&eacute;fibrer les feuilles de l&rsquo;agave, il fut capable de transformer une industrie agricole prosp&egrave;re qui fut la base de l''&eacute;conomie r&eacute;gionale au cours du prochain si&egrave;cle.</p>\r\n<p>&nbsp;</p>\r\n<p>L''occupation fran&ccedil;aise sous l''empire de Maximilien de Habsbourg fut soutenue par les conservateurs du Yucatan, parmi eux, le gouverneur colonel Felipe Navarrete, Francisco Canton Rosado et Teodosio Canto, qui ont soumis les rebelles de Campeche. Pendant toute la dur&eacute;e de l''Empire (1864-1867). Le territoire de Campeche fut temporairement r&eacute;int&eacute;gr&eacute; dans le Yucatan. En 1865, l''imp&eacute;ratrice Carlota visita la p&eacute;ninsule arrivant par Sisal puis visita Merida, Uxmal et Campeche. Sa pr&eacute;sence fut c&eacute;l&eacute;br&eacute;e en grande pompe en d&eacute;pit de la p&eacute;riode compliqu&eacute;e que vivait l''&eacute;tat &agrave; cause de la r&eacute;bellion maya qui ne pouvait &ecirc;tre &eacute;touff&eacute;e.</p>\r\n<p>&nbsp;</p>\r\n<p>La guerre des castes pris fin le 24 Novembre 1902, le pr&eacute;sident Porfirio Diaz proclama la cr&eacute;ation du territoire de Quintana Roo pour pr&eacute;venir de nouvelles insurrections indig&egrave;nes, s&eacute;parant l''&Eacute;tat du Yucatan</p>'),
  (53, 14, 1, 'Yucatan en el Mexico Independiente', NULL, '<p>Por su lejan&iacute;a geogr&aacute;fica del centro de la Nueva Espa&ntilde;a, en especial de la Ciudad de M&eacute;xico, Yucat&aacute;n no se vio afectado militarmente por la guerra de independencia de M&eacute;xico, aunque ya hab&iacute;a un esp&iacute;ritu libertador en los yucatecos ilustrados. En 1802 en Yucat&aacute;n se forma un grupo denominado Sanjuanistas que fue fundado por Pablo Moreno, fil&oacute;sofo yucateco y el capell?n Jos&eacute; Mar&iacute;a Vel&aacute;zquez. A este grupo se integran notables personajes como el padre de Andr&eacute;s Quintana Roo y Lorenzo de Zavala. En contraparte se integra en la provincia el grupo pol&iacute;tico denominado los Rutineros que se opon&iacute;a a toda acci&oacute;n libertadora. Estas dos organizaciones condujeron la lucha pol&iacute;tica en la que se dirimi&oacute; de manera incruenta la independencia de la Pen&iacute;nsula de Yucat&aacute;n de Espa&ntilde;a.</p>\r\n<p>Lorenzo de Zavala, uno de los Sanjuanistas, en 1820 form&oacute; la Confederaci&oacute;n Patri&aacute;tica, dentro de &eacute;sta hubo un cisma y quedaron dos grupos: quienes apoyaban al gobierno espa&ntilde;ol al igual que a la Constituci&oacute;n de C&aacute;diz y otro encabezado por Zavala que buscaba la independencia absoluta de Espa&ntilde;a. Mariano Carrillo Albornoz, en ese entonces gobernador, oblig&oacute; a Zavala y Manuel Garc&iacute;a Sosa a ser diputados de las Cortes y los envi&oacute; a Madrid, mientras los otros liberales eran puestos en prisi&oacute;n sin que Zavala se diera cuenta.</p>\r\n<p>Mientras esto ocurr&iacute;a en Yucat&aacute;n se proclam&oacute; el Plan de Iguala. Le correspondi&oacute; al Capit&aacute;n General Juan Mar&iacute;a Echeverri ser el &uacute;ltimo Gobernador nombrado por Espa&ntilde;a y el primero de la entidad independiente. Echeverri envi&oacute; a dos representantes a negociar la incorporaci&oacute;n de Yucat&aacute;n al Imperio Mexicano hecho que ocurri&oacute; el 2 de noviembre de 1821.</p>'),
  (54, 14, 2, 'Yucatan in Mexico Independent', NULL, '<p>On the lejan? for Geographical? fica center New Espa?a, especially the City of M? Mexico, Yucatan? n military was not affected by the war of independence of M? Mexico, although ''d a esp? spirit liberator in the Yucatecan illustrated. In 1802 in Yucatan? N a group called Sanjuanistas which was founded by Paul Moreno, fil? Yucatan philosopher and chaplain Jos n form? Mar? Vel? Zquez. This group notables as integrate Father Andr? Quintana Roo s and Lorenzo de Zavala. In contrast is integrated into the province''s political group? Tico-routine called the opon that? Aa whole action? N liberating. These two organizations leading the fight pol Estheticians in which dirimi? noninvasively the independence of the Pen? Cantilever Yucatan? n Espa a.</p>\r\n<p>Lorenzo de Zavala, one of the Sanjuanistas in 1820 form? ?? Confederation n the tica Patri, within sta was a schism and were two groups: those who supported the government espa ol like to Constituci n? C? diz and another led by Zavala seeking the absolute independence of Espa a. Mariano Carrillo Albornoz then Governor, oblig? Zavala and Manuel Garc? Sosa to be deputies of the Cortes and envi? to Madrid, while the other liberals were placed in Alcatraz Prison? Zavala n without noticing.</p>\r\n<p>While this Known to Occur? for in Yucatan? n is proclaimed? the Plan of Iguala. We corresponded the Capit?-General Juan Mar? Echeverri to be? last Governor appointed by Espa ay the first independent entity. Echeverri envi? two representatives to negotiate the incorporation? Yucat n? n the Mexican Empire occurred to fact? the November 2, 1821.</p>'),
  (55, 14, 3, 'Lo Yucatan nel Messico Indipendente', NULL, '<p>A causa della sua lontananza geografica dal centro della Nuova Spagna, in particolare da Citt&agrave; del Messico, Yucat&aacute;n non &egrave; stata militarmente influenzata dalla guerra d''indipendenza del Messico, anche se c''era gi&agrave; uno spirito liberatorio negli abitanti dello Yucatan. Nel 1802 si form&ograve; un gruppo chiamato Sanjuanistas Yucat&aacute;n fondato da Pablo Moreno, filosofo yucateco e il cappellano Jos&eacute; Mar&iacute;a Vel&aacute;zquez. A questo gruppo si uniscono altri noti personaggi come il padre di Andr&eacute;s Quintana Roo e Lorenzo de Zavala. In contropartita &egrave; integrato il gruppo politico della provincia, chiamati i Rutineros che si opponeva ad ogni azione liberatrice. Queste due organizzazioni hanno condotto la lotta politica che ha liberato in modo incruento l''indipendenza della penisola dello Yucatan dalla Spagna.</p>\r\n<p>&nbsp;</p>\r\n<p>Nel 1820, Lorenzo de Zavala, uno dei Sanjuanistas, costituit&igrave; la patriottica Confederazione, all''interno di questa ci fu uno scisma e come risultato sono rimasti due gruppi: coloro che hanno appoggiavano il governo spagnolo e la Costituzione di Cadice e un altro guidato da Zavala cercava l''indipendenza definitiva dalla Spagna. Mariano Carrillo Albornoz, allora governatore, costrinse Zavala e Manuel Garcia Sosa ad essere deputati del Parlamento e in questa forma li ha inviati a Madrid, mentre gli altri liberali furono messi in prigione senza che Zavala ne sapesse niente.</p>\r\n<p>&nbsp;</p>\r\n<p>Echeverri envi&oacute; a dos representantes a negociar la incorporaci&oacute;n de Yucat&aacute;n al Imperio Mexicano hecho que ocurri&oacute; el 2 de noviembre de 1821.</p>\r\n<p>&nbsp;</p>\r\n<p>Mentre questo accadeva in Yucat&aacute;n, &egrave; stato proclamato il Plan de Iguala. Tocc&ograve; al Capitano Generale Juan Maria Echeverri essere l''ultimo governatore nominato dalla Spagna e il primo della entit&agrave; indipendente. Echeverri ha inviato due rappresentanti incaricati di negoziare l''incorporazione dello Yucatan all''Impero Messicano avvenuta il 2 novembre, 1821.</p>'),
  (56, 14, 4, 'Le Yucatan dans le Mexique independant', NULL, '<p>En raison de son &eacute;loignement g&eacute;ographique du centre de la Nouvelle-Espagne, et en particulier de Mexico, le Yucat&aacute;n n''a pas &eacute;t&eacute; militairement affect&eacute;e par la guerre d''ind&eacute;pendance du Mexique, bien qu''il y ait un esprit lib&eacute;rateur chez les Yucatecos. En 1802, un groupe appel&eacute; Sanjuanistas Yucat&aacute;n fut fond&eacute; par Pablo Moreno, philosophe Yucateco et un aum&ocirc;nier nomm&eacute; Jos&eacute; Mar&iacute;a Vel&aacute;zquez. Ce groupe notable comprenait &eacute;galement le p&egrave;re de Andr&eacute;s Quintana Roo et Lorenzo de Zavala. De pus, le groupe politique d&eacute;nomm&eacute; les Rutineros qui s''opposaient &agrave; toute action lib&eacute;ratrice fut &eacute;galement &eacute;t&eacute; int&eacute;gr&eacute; dans la province. Ces deux organisations ont alors dirig&eacute; une lutte politique qui a men&eacute;e, sans effusion de sang, &agrave; l'' ind&eacute;pendance de la p&eacute;ninsule du Yucatan de l''Espagne.</p>\r\n<p>Lorenzo de Zavala, un des Sanjuanistas, forma en 1820 la Conf&eacute;d&eacute;ration Patriotique, &agrave; l&rsquo;int&eacute;rieur de celle-ci il y eu une division et deux groupes sont rest&eacute;s : ceux qui ont soutenu le gouvernement espagnol ainsi qu&rsquo;&agrave; la Constitution de Cadix et ceux dirig&eacute;s par Zavala qui cherchaient l''ind&eacute;pendance pure et simple de l&rsquo;Espagne. Mariano Carrillo Albornoz, alors gouverneur, for&ccedil;a Zavala et Manuel Garcia Sosa a &ecirc;tre d&eacute;put&eacute;s du Parlement et les a envoy&eacute; &agrave; Madrid, tandis que les autres lib&eacute;raux ont &eacute;t&eacute; mis en prison sans que Zavala ne s&rsquo;en rendit compte.</p>\r\n<p>Pendant ce temps, le Plan d''Iguala fut proclam&eacute;. Le Capitaine G&eacute;n&eacute;ral Juan Maria Echeverri fut alors le dernier Gouverneur nomm&eacute; par l''Espagne et le premier de l''entit&eacute; ind&eacute;pendante. le 2 novembre 1821 Echeverri envoya deux repr&eacute;sentants n&eacute;gocier l''incorporation du Yucat&aacute;n dans l''Empire Mexicain.</p>');

ALTER TABLE `articulo_idioma`
ADD PRIMARY KEY (`id`),
ADD KEY `IDX_FBFCB23C3932A204` (`id_articulo`),
ADD KEY `IDX_FBFCB23C3BFFEBE1` (`id_idioma`);

ALTER TABLE `articulo_idioma`
MODIFY `id` int(11) NOT NULL AUTO_INCREMENT,AUTO_INCREMENT=57;

ALTER TABLE `articulo_idioma`
ADD CONSTRAINT `FK_FBFCB23C3932A204` FOREIGN KEY (`id_articulo`) REFERENCES `articulo` (`id`),
ADD CONSTRAINT `FK_FBFCB23C3BFFEBE1` FOREIGN KEY (`id_idioma`) REFERENCES `idioma` (`id`);